yr-month,citi_bike_ride_volume,average_restaurant_heath_inspection,new_business_applications,average_evictions,311_calls,n_transactions,average_transaction
2014-11-01,88200.83333333333,10.115087848873593,25.846153846153847,181.66778196200744,406.2352941176471,221.1176470588235,615062.5294117647
2014-12-01,66513.83333333333,10.437336162211553,27.071428571428573,177.76788571682255,405.2941176470589,263.0,625818.5882352941
2015-01-01,47592.833333333336,11.389262513574163,25.76923076923077,165.6772969238039,382.4117647058824,213.58823529411765,653781.9411764706
2015-02-01,32821.833333333336,10.38090544555932,28.0,179.1666656504679,365.3529411764706,218.7058823529412,626591.1176470588
2015-03-01,56969.166666666664,11.673806640484395,31.125,161.77681237448712,456.05882352941177,238.41176470588235,661066.4705882353
2015-04-01,108722.66666666669,11.731483329827212,35.0,160.11365165711874,496.0,230.47058823529412,658845.8235294118
2015-05-01,160336.5,11.677025903497457,35.666666666666664,159.90619936220145,537.0,234.8823529411765,653528.0588235294
2015-06-01,156857.16666666666,11.968486676138369,36.13333333333333,156.0736354405504,556.9411764705883,288.11764705882354,662106.8235294118
2015-07-01,180934.16666666663,13.600153051058154,32.5,134.19742485471812,572.8235294117648,305.11764705882354,706190.4705882353
2015-08-01,168445.14285714287,11.806770344649308,32.266666666666666,157.97604384554296,533.4117647058823,285.05882352941177,656749.8235294118
2015-09-01,184237.7142857143,20.0,28.857142857142858,141.88275489819733,519.2941176470588,269.70588235294116,689397.7058823529
2015-10-01,173166.14285714287,3.5,30.692307692307693,155.03498601999576,543.2941176470588,280.05882352941177,662510.1176470588
2015-11-01,141063.42857142858,10.8,29.307692307692307,150.07135621602413,477.11764705882354,235.35294117647055,676711.2352941176
2015-12-01,114870.71428571428,12.5,34.53333333333333,157.7576974786241,490.11764705882354,279.94117647058823,663196.9411764706
2016-01-01,72787.0,6.0,29.928571428571427,145.0495385825556,477.6470588235294,228.0,695062.7058823529
2016-02-01,80126.0,15.5,29.571428571428573,154.51723934381198,479.8235294117647,237.94117647058823,674001.9411764706
2016-03-01,131400.85714285713,14.27777777777778,38.0,146.91432456375674,580.4117647058823,256.05882352941177,684526.3529411765
2016-04-01,144726.0,9.429411764705884,27.375,148.8761439732915,553.1176470588235,223.52941176470588,678849.4117647059
2016-05-01,173194.2857142857,10.14942528735632,34.733333333333334,132.5580766974781,583.2352941176471,249.41176470588235,710558.4117647059
2016-06-01,208605.57142857145,9.455112942612942,30.0,139.69557605854067,613.7058823529412,291.94117647058823,691344.7058823529
2016-07-01,197178.7142857143,11.038888888888888,24.733333333333334,130.04909188033804,589.3529411764706,248.58823529411765,713246.7647058824
2016-08-01,222513.7142857143,13.577551020408164,25.285714285714285,145.6107455926272,644.9411764705883,296.3529411764706,677143.1764705882
2016-09-01,235560.57142857145,21.493073593073593,24.428571428571427,142.02580839957443,563.5882352941177,271.88235294117646,683362.5882352941
2016-10-01,224837.85714285713,13.74437321937322,21.615384615384617,141.84677448238648,575.6470588235294,232.2941176470588,684940.4705882353
2016-11-01,170997.42857142858,9.825511525511525,22.0,140.0800726509053,516.5882352941177,240.05882352941177,694729.1764705882
2016-12-01,116027.0,13.161531279178336,23.866666666666667,137.3052067145954,526.1176470588235,267.94117647058823,706791.0588235294
2017-01-01,103813.71428571428,10.666979949874689,27.066666666666663,155.8125,534.8235294117648,245.76470588235293,710251.6470588235
2017-02-01,113087.28571428572,12.385264987537717,23.642857142857142,116.1875,521.6470588235294,228.23529411764707,717763.0588235294
2017-03-01,103959.14285714286,13.174420024420025,36.0625,139.8125,586.8235294117648,270.47058823529414,697861.1764705882
2017-04-01,187897.0,16.121973534955522,35.142857142857146,120.82352941176472,573.5882352941177,226.7058823529412,713620.7058823529
2017-05-01,217601.2857142857,11.261970899470898,33.61538461538461,147.25,660.1764705882352,267.4117647058824,716070.5882352941
2017-06-01,247350.42857142855,13.72657786231107,31.571428571428573,139.125,681.9411764705883,308.47058823529414,760357.8235294118
2017-07-01,247967.85714285713,14.641364092806931,27.357142857142858,118.0,665.1764705882352,250.23529411764707,754950.7647058824
2017-08-01,259482.2857142857,13.474393137410482,30.692307692307693,135.64705882352942,717.8823529411765,318.2352941176471,749083.1764705882
2017-09-01,268306.5714285714,17.521550409757957,25.928571428571427,117.17647058823528,664.4117647058823,260.7647058823529,742408.2941176471
2017-10-01,271082.4285714286,16.887153645399522,35.93333333333333,132.0,698.9411764705883,274.7647058823529,711085.7647058824
2017-11-01,190107.57142857145,14.475199289854462,83.0,135.66666666666666,614.5294117647059,247.05882352941177,730103.4117647059
2017-12-01,127143.14285714286,14.201841209025115,81.33333333333333,99.93333333333334,593.3529411764706,261.47058823529414,763401.4117647059
2018-01-01,102703.57142857143,14.614691984684482,51.06666666666667,159.4375,602.5882352941177,247.23529411764707,736926.5882352941
2018-02-01,120430.85714285714,16.24732964113897,52.266666666666666,122.6875,580.8823529411765,214.23529411764707,759575.1176470588
2018-03-01,139519.0,19.55533560464433,36.93333333333333,127.29411764705884,626.3529411764706,242.52941176470588,766237.7058823529
2018-04-01,186799.2857142857,17.70065613803319,32.86666666666667,127.70588235294116,649.3529411764706,227.7058823529412,739424.6470588235
2018-05-01,260636.57142857145,14.539247512156138,52.214285714285715,142.58823529411765,718.0588235294117,258.2352941176471,744494.0
2018-06-01,278990.14285714284,18.742432923582655,74.4375,125.11764705882354,733.1764705882352,273.94117647058823,747937.3529411765
2018-07-01,273407.0,20.96529962686051,46.8,121.88235294117646,758.1176470588235,266.1764705882353,774605.5882352941
2018-08-01,282251.4285714286,13.188924680952235,23.4375,149.2,968.5882352941176,278.94117647058823,768714.7647058824
2018-09-01,268186.28571428574,16.697739723082215,16.933333333333334,122.8,810.7058823529412,222.58823529411765,772963.0588235294
2018-10-01,268339.4285714286,19.774806888563024,23.428571428571427,122.0625,1044.235294117647,262.7647058823529,750544.6470588235
2018-11-01,180048.14285714287,14.644631636522565,18.333333333333332,103.125,1137.6470588235295,223.8235294117647,773593.1176470588
2018-12-01,145223.42857142858,18.351248387205477,17.285714285714285,87.1875,1048.0,234.41176470588235,795043.9411764706
2019-01-01,138181.85714285713,14.347019485274624,24.53846153846154,133.47058823529412,1354.5882352941176,228.0,781140.8823529412
2019-02-01,134811.57142857142,19.78932573417868,21.714285714285715,109.11764705882354,1249.6470588235295,197.58823529411765,761753.7058823529
2019-03-01,189693.0,18.66717281258131,24.571428571428573,126.73333333333332,1455.764705882353,223.2941176470588,780738.7647058824
2019-04-01,252298.7142857143,17.192942123151884,18.933333333333337,129.53333333333333,1655.7058823529412,229.1176470588235,761806.1176470588
2019-05-01,274874.71428571426,16.64740879521595,21.357142857142858,117.76470588235294,1603.5882352941176,261.94117647058823,802780.1176470588
2019-06-01,303649.14285714284,17.485561476938905,23.692307692307693,117.53333333333332,1500.6470588235295,277.52941176470586,916865.7058823528
2019-07-01,311591.5714285714,18.960904981700555,22.166666666666668,116.625,1624.2941176470588,241.8823529411765,746994.4705882353
2019-08-01,334857.28571428574,21.220132806626047,22.153846153846153,103.875,1654.6470588235295,253.8235294117647,772125.8235294118
2019-09-01,349296.71428571426,19.94560977462893,17.642857142857142,95.5,1497.2941176470588,234.64705882352945,784323.5882352941
2019-10-01,298938.14285714284,21.03770376251217,19.875,100.0625,1464.8235294117646,257.8235294117647,887506.8823529412
2019-11-01,211268.2857142857,19.01862862736167,14.866666666666667,93.35714285714286,1330.1176470588234,215.1764705882353,776073.1176470588
2019-12-01,136458.7142857143,17.150062607767566,19.583333333333332,72.93333333333334,1328.5882352941176,241.58823529411765,782515.3529411765
2020-01-01,177226.7142857143,21.805090191777047,24.357142857142858,107.17647058823528,1453.8235294117646,243.76470588235293,805753.1764705882
2020-02-01,163835.85714285713,18.86379829129027,21.5,74.6470588235294,1588.235294117647,215.76470588235293,767197.0
2020-03-01,152640.0,19.121543369315383,15.0,45.13333333333333,1166.4117647058824,186.58823529411765,786923.8235294118
2020-04-01,97534.85714285714,16.834339693282494,7.4,93.68299415293023,786.4705882352941,102.6470588235294,802089.7058823529
2020-05-01,212483.0,17.19848071207223,5.571428571428571,86.85368627395695,935.7058823529412,130.35294117647058,803852.7058823529
2020-06-01,268897.28571428574,16.594059568213435,8.6,93.84222703651544,1173.6470588235295,167.7058823529412,782591.0588235294
2020-07-01,300774.85714285716,15.571286380427168,10.909090909090908,106.82861420847996,1401.7058823529412,162.41176470588235,751244.5294117647
2020-08-01,332867.28571428574,16.821590144011918,11.181818181818182,89.88140262589457,1430.8235294117646,140.11764705882354,783895.2941176471
2020-09-01,355443.0,10.5,11.5,91.49004800370022,1312.6470588235295,165.8235294117647,777951.4705882353
2020-10-01,321279.5714285714,7.0,11.214285714285714,89.08219976282408,1239.8235294117646,211.76470588235293,786917.2941176471
2020-11-01,248142.57142857145,18.337686994588623,15.272727272727272,1.5,1086.1176470588234,213.2941176470588,833518.0588235294
2020-12-01,155557.42857142858,5.5,14.0,1.125,1161.8823529411766,265.4117647058824,820182.0
2021-01-01,156501.85714285713,0.0,13.307692307692308,1.0,1075.470588235294,222.47058823529412,794541.1176470588
2021-02-01,92652.85714285714,16.712749985247843,13.454545454545457,95.33491420839135,1052.3529411764705,225.47058823529412,799069.2941176471
2021-03-01,218241.85714285713,16.842277287999295,14.733333333333333,91.40145350771115,1320.1176470588234,292.05882352941177,793439.7647058824
2021-04-01,294840.71428571426,17.77016115366719,10.25,2.5,1191.3529411764705,285.05882352941177,814308.5882352941
2021-05-01,388335.4285714286,19.00343857287413,18.733333333333334,2.0,1316.235294117647,281.94117647058823,841898.0
2021-06-01,452406.5714285714,5.0,19.6,2.25,1596.470588235294,349.3529411764706,864190.4705882353
2021-07-01,438576.71428571426,18.205002051116605,18.285714285714285,5.0,1464.0,337.0,859915.4117647059
2021-08-01,437035.71428571426,20.925248685447556,14.75,6.285714285714286,1353.0,375.05882352941177,880986.7058823529
2021-09-01,466408.8571428571,22.076878753735784,19.833333333333332,2.5,1483.9411764705883,312.0,884298.1764705882
2021-10-01,436805.28571428574,25.458533736454623,14.0,3.5,1250.764705882353,324.52941176470586,901601.588235294
2021-11-01,307357.4285714286,22.547433652330515,16.733333333333334,5.666666666666667,754.7058823529412,285.88235294117646,899642.5294117647
2021-12-01,248484.0,23.208081665742565,11.5,8.7,897.9411764705883,340.29411764705884,1040054.2941176472
2022-01-01,149068.57142857142,19.631875578296075,15.428571428571429,10.5,1025.9411764705883,288.0,887758.1176470588
2022-02-01,175898.7142857143,19.056253137055176,14.538461538461538,14.533333333333331,1098.1764705882354,271.88235294117646,901232.411764706
2022-03-01,270202.71428571426,18.0220520473342,21.428571428571427,24.153846153846153,1374.2941176470588,325.94117647058823,914217.1764705882
2022-04-01,330925.0,20.456420755270205,15.466666666666669,20.666666666666668,1286.9411764705883,284.3529411764706,922562.588235294
2022-05-01,419488.5714285714,21.78465659172839,17.166666666666668,31.5,1571.470588235294,312.29411764705884,939188.7647058824
2022-06-01,76.5,23.505285123770317,15.571428571428571,35.53846153846154,1464.9411764705883,356.8235294117647,953640.8823529412
2022-07-01,301310.80145780393,20.232846883845035,14.4,31.857142857142858,1425.8823529411766,302.3529411764706,891731.7058823529
2022-08-01,524256.8571428571,22.484124335161507,16.714285714285715,43.46153846153846,1423.3529411764705,315.0,918047.1176470588
2022-09-01,499801.1428571429,20.212446915880715,13.153846153846152,47.30769230769231,1389.470588235294,263.52941176470586,889057.4117647059
2022-10-01,430775.28571428574,22.14749217366464,15.5,50.4,1162.0,222.0,881204.8823529412
2022-11-01,350504.5714285714,23.382673877951085,12.363636363636363,55.75,1186.1176470588234,219.58823529411765,860769.3529411765
2022-12-01,234896.14285714287,23.569685535850734,15.461538461538462,33.375,1044.8235294117646,217.76470588235293,937305.0588235294
2023-01-01,231250.25,26.77674372023892,16.076923076923077,80.5,1235.0588235294117,179.1764705882353,902709.7647058824
2023-02-01,218318.5,25.774339946767206,16.454545454545453,50.5,1048.2941176470588,158.88235294117646,869542.0588235294
2023-03-01,273217.625,26.24977556832691,16.0,66.0625,1169.3529411764705,188.41176470588235,955517.0
2023-04-01,223497.7994241712,28.17458679555907,15.533333333333331,58.07142857142857,955.470588235294,250.74182239502284,776815.145448028
